ULBID,PROPID,TAX_CATEGORY,BILLS_SUM,ARREARS_SUM,BILLS_MEAN,BILLS_COUNT,ARREARS_MEAN,ARREARS_COUNT,predicted_total_collection,predicted_current_collection,predicted_arrears_collection,predicted_collection_rate,predicted_default_risk
100,12345,General Tax,50000,10000,,1,,1,2504.92,1753.444,751.476,0.0500984,1
150,67890,Water Tax,25000,5000,,1,,1,30535.66,21374.962,9160.698,1.2214264,0
200,54321,Education/Cess,30000,8000,,1,,1,3763.38,2634.366,1129.014,0.125446,1
250,98765,Infrastructure,45000,12000,,1,,1,30515.66,21360.962,9154.698,0.6781257777777778,0
300,13579,Public Services,35000,7000,,1,,1,30530.84,21371.588,9159.252,0.8723097142857142,0
